<?xml version="1.0" encoding="UTF-8"?>
<project-private xmlns="http://www.netbeans.org/ns/project-private/1">
    <editor-bookmarks xmlns="http://www.netbeans.org/ns/editor-bookmarks/2" lastBookmarkId="0"/>
    <open-files xmlns="http://www.netbeans.org/ns/projectui-open-files/2">
        <group>
            <file>file:/C:/Users/Aathithya%20Pandiyan%20K/Documents/NetBeansProjects/SinglyList/src/singlylist/Deletion.java</file>
            <file>file:/C:/Users/Aathithya%20Pandiyan%20K/Documents/NetBeansProjects/SinglyList/src/singlylist/Insertion.java</file>
            <file>file:/C:/Users/Aathithya%20Pandiyan%20K/Documents/NetBeansProjects/SinglyList/src/singlylist/Node.java</file>
            <file>file:/C:/Users/Aathithya%20Pandiyan%20K/Documents/NetBeansProjects/SinglyList/src/singlylist/SinglyListMain.java</file>
        </group>
    </open-files>
</project-private>
