<?xml version="1.0" encoding="UTF-8"?>
<project-private xmlns="http://www.netbeans.org/ns/project-private/1">
    <editor-bookmarks xmlns="http://www.netbeans.org/ns/editor-bookmarks/2" lastBookmarkId="0"/>
    <open-files xmlns="http://www.netbeans.org/ns/projectui-open-files/2">
        <group>
            <file>file:/C:/Users/Aathithya%20Pandiyan%20K/Documents/NetBeansProjects/TaxiBookingmanagementSystem/src/taxibookingmanagementsystem/TaxiBookingmanagementSystemMain.java</file>
            <file>file:/C:/Users/Aathithya%20Pandiyan%20K/Documents/NetBeansProjects/TaxiBookingmanagementSystem/src/taxibookingmanagementsystem/DriverDetailsNode.java</file>
            <file>file:/C:/Users/Aathithya%20Pandiyan%20K/Documents/NetBeansProjects/TaxiBookingmanagementSystem/src/taxibookingmanagementsystem/Fare.java</file>
            <file>file:/C:/Users/Aathithya%20Pandiyan%20K/Documents/NetBeansProjects/TaxiBookingmanagementSystem/src/taxibookingmanagementsystem/DriverDetailsUsingLinkedList.java</file>
            <file>file:/C:/Users/Aathithya%20Pandiyan%20K/Documents/NetBeansProjects/TaxiBookingmanagementSystem/src/taxibookingmanagementsystem/RideDetailsNode.java</file>
            <file>file:/C:/Users/Aathithya%20Pandiyan%20K/Documents/NetBeansProjects/TaxiBookingmanagementSystem/src/taxibookingmanagementsystem/RideDetailsUsingLinkedList.java</file>
            <file>file:/C:/Users/Aathithya%20Pandiyan%20K/Documents/NetBeansProjects/TaxiBookingmanagementSystem/src/taxibookingmanagementsystem/BookRiding.java</file>
        </group>
    </open-files>
</project-private>
